question;answer;from;filename;document_preprocessed;Topic;Probability;Top_n_words;Name;Document
Aku takut kalo aku ke dokter jiwa, aku bakal dikira orang gila. Apa bener gitu?;Takut dihakimi itu wajar, tapi ke dokter jiwa nggak berarti kamu ‘gila’. Dokter jiwa bantu orang yang lagi kesulitan sama pikiran atau perasaan, sama kayak dokter mata bantu yang nggak bisa lihat jelas. Kalau kamu ngerasa butuh bantuan, itu langkah berani. Apa yang bikin kamu takut cerita ke dokter jiwa?;GROK;D11_GROK_AHandbookfortheSMH138-148_20.json;takut kalo dokter jiwa gila takut hakim dokter jiwa arti gila dokter jiwa sulit dokter mata jelas ngerasa butuh berani takut dokter jiwa;7;1.0;takut - dokter - mental - gila - obat - sehat - khawatir - jiwa - tahu - nyaman;7_dokter_takut dokter_gila_takut;takut kalo dokter jiwa gila takut hakim dokter jiwa arti gila dokter jiwa sulit dokter mata jelas ngerasa butuh berani takut dokter jiwa
Aku takut kalo ke dokter mental, nanti dikira gila. Apa bener gitu?;Aku ngerti ketakutanmu, stigma itu nyata. Tapi ke dokter mental itu kayak ke dokter mata pas matanya sakit—cuma bagian tubuh yang beda. Dokter ada buat bantu, nggak buat nilai. Mungkin coba cari dokter yang bikin kamu nyaman, atau mulai dari konselor dulu. Pernah kepikiran buat coba konseling online anonim?;GROK;D11_GROK_AHandbookfortheSMH171-181_20.json;takut kalo dokter mental gila takut stigma nyata dokter mental dokter mata mata sakit tubuh dokter nilai dokter nyaman konselor konseling anonim;7;1.0;takut - dokter - mental - gila - obat - sehat - khawatir - jiwa - tahu - nyaman;7_dokter_takut dokter_gila_takut;takut kalo dokter mental gila takut stigma nyata dokter mental dokter mata mata sakit tubuh dokter nilai dokter nyaman konselor konseling anonim
Aku takut ke dokter mata, nanti dikira gila. Tapi aku ngerasa ada yang aneh sama pikiranku. Apa yang harus aku lakuin?;Takut ke dokter itu wajar, apalagi ada stigma soal kesehatan mental. Tapi kalau kamu ngerasa ada yang nggak beres sama pikiranmu, itu langkah berani buat ngenalin. Coba konsultasi ke profesional, mereka bisa bantu tanpa judge. Apa yang bikin kamu ngerasa aneh? Aku dengerin, dan kita pikirin langkah selanjutnya.;GROK;D11_GROK_AHandbookfortheSMH182-192_20.json;takut dokter mata gila ngerasa aneh lakuin takut dokter stigma sehat mental ngerasa beres berani ngenalin konsultasi profesional judge ngerasa aneh dengerin pikirin lanjut;7;1.0;takut - dokter - mental - gila - obat - sehat - khawatir - jiwa - tahu - nyaman;7_dokter_takut dokter_gila_takut;takut dokter mata gila ngerasa aneh lakuin takut dokter stigma sehat mental ngerasa beres berani ngenalin konsultasi profesional judge ngerasa aneh dengerin pikirin lanjut
Aku nggak suka ke dokter, tapi aku merasa ada yang salah sama pikiranku. Apa harus ke dokter?;Kalau kamu merasa ada yang nggak beres sama pikiranmu, itu sinyal penting. Nggak harus langsung ke dokter, tapi ngobrol sama orang yang bisa dipercaya atau profesional bisa membantu. Mau ceritain apa yang lagi bikin kamu ngerasa nggak nyaman?;GROK;D11_GROK_AHandbookfortheSMH292-302_20.json;dokter salah dokter beres penting langsung dokter percaya profesional ngerasa nyaman;7;1.0;takut - dokter - mental - gila - obat - sehat - khawatir - jiwa - tahu - nyaman;7_dokter_takut dokter_gila_takut;dokter salah dokter beres penting langsung dokter percaya profesional ngerasa nyaman
Aku nggak mau ke dokter karena takut dibilang gila. Apa aku harus tetap pergi?;Takut dihakimi itu wajar, tapi dokter atau psikolog nggak akan bilang kamu gila. Mereka justru pengen bantu. Kalau kamu belum nyaman, mungkin coba ngobrol sama temen dekat dulu atau ke hotline anonim. Aku bisa kasih nomor kalau kamu mau.;GROK;D11_GROK_AHandbookfortheSMH325-335_20.json;dokter takut gila tetap pergi takut hakim dokter psikolog gila justru nyaman temen dekat hotline anonim nomor;7;1.0;takut - dokter - mental - gila - obat - sehat - khawatir - jiwa - tahu - nyaman;7_dokter_takut dokter_gila_takut;dokter takut gila tetap pergi takut hakim dokter psikolog gila justru nyaman temen dekat hotline anonim nomor
Aku takut kalau ke dokter buat cerita masalahku, nanti dikira gila. Gimana dong?;Aku ngerti banget ketakutan itu. Tapi, sekarang stigma soal kesehatan mental udah jauh berkurang, lho. Dokter atau terapis justru dilatih untuk dengerin tanpa judgement. Kalau kamu masih ragu, coba mulai dari ngobrol sama aku atau temen dekat dulu, biar kamu lebih nyaman sebelum ketemu profesional.;GROK;D11_GROK_AHandbookfortheSMH39-49_20.json;takut dokter gila takut stigma sehat mental udah jauh kurang dokter terap justru dengerin judgement ragu temen dekat nyaman profesional;7;1.0;takut - dokter - mental - gila - obat - sehat - khawatir - jiwa - tahu - nyaman;7_dokter_takut dokter_gila_takut;takut dokter gila takut stigma sehat mental udah jauh kurang dokter terap justru dengerin judgement ragu temen dekat nyaman profesional
Aku nggak mau ke dokter mata karena takut ada bom di rumah sakit. Apa aku lebay?;Ketakutanmu nyata buat kamu, jadi nggak ada yang namanya ‘lebay’. Tapi, kalau ini bikin kamu nggak bisa periksa mata, mungkin kita bisa cari cara buat ngatasin ketakutan itu. Misalnya, cari rumah sakit yang bikin kamu merasa aman atau minta temen nemenin. Kesehatan matamu penting, lho. Mau aku bantu cari solusi?;GROK;D11_GROK_AHandbookfortheSMH413-423_20.json;dokter mata takut sakit lebay takut nyata nama lebay periksa mata ngatasin takut sakit minta temen nemenin sehat mata penting solusi;7;1.0;takut - dokter - mental - gila - obat - sehat - khawatir - jiwa - tahu - nyaman;7_dokter_takut dokter_gila_takut;dokter mata takut sakit lebay takut nyata nama lebay periksa mata ngatasin takut sakit minta temen nemenin sehat mata penting solusi
Kenapa sih aku nggak bisa langsung cerita ke dokter tentang masalahku? Malu banget rasanya.;Aku paham banget rasa malu itu, beneran. Banyak orang juga merasa gitu, kok, karena bicara soal masalah pribadi itu nggak gampang. Tapi dokter atau terapis biasanya terlatih untuk dengerin tanpa judging. Mungkin coba mulai dari hal kecil yang nggak terlalu berat buat diceritain. Aku di sini kalau kamu mau latihan cerita dulu, lho.;GROK;D11_GROK_AHandbookfortheSMH457-467_20.json;langsung dokter malu paham malu beneran bicara pribadi gampang dokter terap dengerin judging kecil terlalu berat diceritain;7;1.0;takut - dokter - mental - gila - obat - sehat - khawatir - jiwa - tahu - nyaman;7_dokter_takut dokter_gila_takut;langsung dokter malu paham malu beneran bicara pribadi gampang dokter terap dengerin judging kecil terlalu berat diceritain
Aku merasa nggak cocok sama budaya dokter di sini. Apa yang harus aku lakuin?;Pasti nggak nyaman kalau merasa nggak nyambung sama dokter. Mungkin kamu bisa cari dokter atau konselor yang lebih paham budayamu, atau yang bisa bahasa yang sama. Kalau susah, coba ceritain ke dokter apa yang bikin kamu nggak cocok, siapa tahu mereka bisa sesuain pendekatannya. Apa yang bikin kamu ngerasa nggak cocok? Cerita ke aku, yuk.;GROK;D11_GROK_AHandbookfortheSMH457-467_20.json;cocok dokter lakuin nyaman nyambung dokter dokter konselor paham bahasa susah dokter cocok siapa tahu sesuain dekat ngerasa cocok;7;1.0;takut - dokter - mental - gila - obat - sehat - khawatir - jiwa - tahu - nyaman;7_dokter_takut dokter_gila_takut;cocok dokter lakuin nyaman nyambung dokter dokter konselor paham bahasa susah dokter cocok siapa tahu sesuain dekat ngerasa cocok
Aku takut kalau aku ceritain ke dokter aku ngerasa pengen nyakitin diri sendiri, nanti malah dikurung. Apa aku harus bohong?;Aku ngerti ketakutanmu, tapi bohong soal perasaanmu bisa bikin kamu nggak dapat bantuan yang kamu butuhin. Ceritain ke dokter itu berisiko, tapi kalau kamu pilih dokter atau terapis yang punya pendekatan berbasis pemulihan, mereka seharusnya bantu tanpa langsung ngambil langkah ekstrem. Coba tanya dulu apa yang bakal mereka lakukan kalau kamu ceritain perasaan itu. Kalau kamu nggak yakin, cari konselor atau hotline yang bisa jaga kerahasiaan. Mau ceritain ke aku apa yang bikin kamu ngerasa gitu?;GROK;D11_GROK_AHandbookfortheSMH490-500_20.json;takut dokter ngerasa nyakitin diri sendiri malah kurung bohong takut bohong butuhin dokter risiko pilih dokter terap dekat pulih langsung ngambil ekstrem laku yakin konselor hotline jaga rahasia ngerasa;7;1.0;takut - dokter - mental - gila - obat - sehat - khawatir - jiwa - tahu - nyaman;7_dokter_takut dokter_gila_takut;takut dokter ngerasa nyakitin diri sendiri malah kurung bohong takut bohong butuhin dokter risiko pilih dokter terap dekat pulih langsung ngambil ekstrem laku yakin konselor hotline jaga rahasia ngerasa
Aku takut kalau aku ke dokter, mereka bilang aku gila dan kunci aku. Apa bener gitu?;Aku paham ketakutanmu, tapi dokter atau psikolog nggak akan ngelakuin itu. Mereka ada untuk bantu, bukan untuk nyakitin atau ngurung kamu. Sekarang, perawatan kesehatan mental lebih fokus ke terapi dan dukungan di komunitas, bukan rumah sakit jiwa. Coba datang dengan pikiran terbuka dan tanyain semua kekhawatiranmu ke mereka. Aku dukung kamu untuk coba langkah ini.;GROK;D11_GROK_AHandbookfortheSMH501-511_20.json;takut dokter gila kunci paham takut dokter psikolog ngelakuin bukan nyakitin ngurung awat sehat mental terapi dukung bukan sakit jiwa datang tanyain khawatir dukung;7;1.0;takut - dokter - mental - gila - obat - sehat - khawatir - jiwa - tahu - nyaman;7_dokter_takut dokter_gila_takut;takut dokter gila kunci paham takut dokter psikolog ngelakuin bukan nyakitin ngurung awat sehat mental terapi dukung bukan sakit jiwa datang tanyain khawatir dukung
Aku takut kalau ke dokter jiwa nanti malah dikira gila, apa bener gitu?;Aku ngerti ketakutanmu, stigma itu memang bikin ragu. Tapi dokter jiwa atau konselor itu ada buat bantu, bukan buat nge-judge. Mereka lihat masalahmu sebagai sesuatu yang bisa ditangani, bukan label. Kalau kamu khawatir, mungkin kita bisa mulai dengan cari tahu dulu apa yang mereka lakukan, biar kamu lebih tenang?;GROK;D11_GROK_AHandbookfortheSMH523-533_20.json;takut dokter jiwa malah gila takut stigma ragu dokter jiwa konselor bukan judge tangan bukan label khawatir tahu laku tenang;7;1.0;takut - dokter - mental - gila - obat - sehat - khawatir - jiwa - tahu - nyaman;7_dokter_takut dokter_gila_takut;takut dokter jiwa malah gila takut stigma ragu dokter jiwa konselor bukan judge tangan bukan label khawatir tahu laku tenang
Aku ngerasa nggak ada yang ngertiin aku, bahkan dokterku. Aku harus ganti dokter nggak ya?;Rasanya pasti kesepian banget kalau nggak ada yang ngertiin, apalagi dari dokter yang seharusnya bantu. Kalau kamu ngerasa doktermu nggak nyambung sama kebutuhanmu, nggak ada salahnya coba cari dokter atau konselor lain yang lebih cocok. Kadang, hubungan yang pas sama penyedia layanan bisa bikin perubahan besar. Apa yang bikin kamu ngerasa nggak didengerin sama doktermu sekarang?;GROK;D11_GROK_AHandbookfortheSMH545-555_20.json;ngerasa ngertiin bahkan dokter dokter sepi ngertiin dokter ngerasa dokter nyambung butuh salah dokter konselor cocok sedia ubah ngerasa didengerin dokter;7;1.0;takut - dokter - mental - gila - obat - sehat - khawatir - jiwa - tahu - nyaman;7_dokter_takut dokter_gila_takut;ngerasa ngertiin bahkan dokter dokter sepi ngertiin dokter ngerasa dokter nyambung butuh salah dokter konselor cocok sedia ubah ngerasa didengerin dokter
Aku pengen ke dokter jiwa, tapi takut dikira gila. Gimana dong?;Keren banget kamu udah mikirin langkah buat ke dokter jiwa, itu tanda kamu peduli sama diri sendiri. Takut dikira gila itu wajar, tapi dokter jiwa justru bantu kita paham dan atasi masalah, bukan buat ngecap. Apa kamu mau coba cari info dulu soal dokter yang oke di daerahmu? Aku bantu.;GROK;D11_GROK_AHandbookfortheSMH589-599_20.json;dokter jiwa takut gila keren udah mikirin dokter jiwa peduli diri sendiri takut gila dokter jiwa justru paham bukan ngecap info dokter daerah;7;1.0;takut - dokter - mental - gila - obat - sehat - khawatir - jiwa - tahu - nyaman;7_dokter_takut dokter_gila_takut;dokter jiwa takut gila keren udah mikirin dokter jiwa peduli diri sendiri takut gila dokter jiwa justru paham bukan ngecap info dokter daerah
Aku gak mau ke dokter jiwa, nanti orang bilang aku gila. Apa aku salah kalau takut gitu?;Gak salah kalau kamu takut, itu perasaan yang wajar karena stigma di masyarakat. Tapi ke dokter jiwa itu bukan berarti kamu 'gila', itu cuma langkah untuk jaga kesehatanmu. Mungkin kamu bisa coba cari dokter yang bikin kamu nyaman atau mulai dengan konselor online yang lebih privat. Apa yang bikin kamu paling takut soal ke dokter jiwa?;GROK;D11_GROK_AHandbookfortheSMH600-609_20.json;dokter jiwa gila salah takut salah takut stigma masyarakat dokter jiwa bukan arti gila jaga sehat dokter nyaman konselor privat paling takut dokter jiwa;7;1.0;takut - dokter - mental - gila - obat - sehat - khawatir - jiwa - tahu - nyaman;7_dokter_takut dokter_gila_takut;dokter jiwa gila salah takut salah takut stigma masyarakat dokter jiwa bukan arti gila jaga sehat dokter nyaman konselor privat paling takut dokter jiwa
Aku nggak mau ke dokter, takut dibilang gila. Apa aku bisa sembuh sendiri?;Kamu nggak gila, gangguan panik itu kondisi yang umum dan bisa diatasi. Sembuh sendiri mungkin sulit, tapi ada self-help seperti buku atau aplikasi. Tapi, ketemu profesional bakal lebih cepat bantu. Apa yang bikin kamu takut ketemu dokter?;GROK;D12_GROK_ClinicalHandbookPsychologicalDisorders22-32_20.json;dokter takut gila sembuh sendiri gila ganggu panik kondisi umum sembuh sendiri sulit self help buku aplikasi profesional cepat takut dokter;7;1.0;takut - dokter - mental - gila - obat - sehat - khawatir - jiwa - tahu - nyaman;7_dokter_takut dokter_gila_takut;dokter takut gila sembuh sendiri gila ganggu panik kondisi umum sembuh sendiri sulit self help buku aplikasi profesional cepat takut dokter
Aku takut ke dokter mata karena khawatir panik di ruang tunggu, apa yang harus kulakukan?;Itu bisa jadi tanda agoraphobia. Coba mulai dengan langkah kecil, seperti datang ke klinik tapi nggak masuk dulu, cuma duduk di parkiran. Aku bisa bantu buat rencana langkah demi langkah, mau coba?;GROK;D12_GROK_ClinicalHandbookPsychologicalDisorders22-32_20.json;takut dokter mata khawatir panik ruang tunggu laku agoraphobia kecil datang klinik masuk duduk parkir rencana;7;1.0;takut - dokter - mental - gila - obat - sehat - khawatir - jiwa - tahu - nyaman;7_dokter_takut dokter_gila_takut;takut dokter mata khawatir panik ruang tunggu laku agoraphobia kecil datang klinik masuk duduk parkir rencana
Aku takut ke dokter, tapi panikku makin parah. Apa aku harus pergi?;Aku ngerti takut ke dokter itu nyata. Kalau panikmu makin parah, cek ke dokter bisa bantu pastiin nggak ada masalah fisik dan kasih opsi pengobatan. Mungkin bawa temen atau aku bisa bantu bikin daftar pertanyaan buat dokter. Mau coba?;GROK;D12_GROK_ClinicalHandbookPsychologicalDisorders44-54_20.json;takut dokter panik makin parah pergi takut dokter nyata panik makin parah dokter pastiin fisik opsi obat bawa temen daftar dokter;7;1.0;takut - dokter - mental - gila - obat - sehat - khawatir - jiwa - tahu - nyaman;7_dokter_takut dokter_gila_takut;takut dokter panik makin parah pergi takut dokter nyata panik makin parah dokter pastiin fisik opsi obat bawa temen daftar dokter
Emilia, aku takut ke dokter mata, tapi aku pikir aku punya halusinasi visual. Apa aku harus periksa?;Pasti nggak mudah ngadepin ketakutan ke dokter, apalagi kalau kamu curiga itu halusinasi. Halusinasi visual bisa jadi bagian dari gangguan psikotik, dan cek ke dokter mata bisa bantu pastiin apakah ini masalah mata atau sesuatu yang lain. Aku bangga kamu berpikir buat cek! Mau aku bantu susun rencana biar ke dokter nggak terlalu menakutkan, misalnya bawa temen atau siapin pertanyaan dulu?;GROK;D12_GROK_ClinicalHandbookPsychologicalDisorders539-549_20.json;takut dokter mata halusinasi visual periksa mudah ngadepin takut dokter curiga halusinasi halusinasi visual ganggu psikotik dokter mata pastiin mata bangga susun rencana dokter terlalu takut bawa temen siapin;7;1.0;takut - dokter - mental - gila - obat - sehat - khawatir - jiwa - tahu - nyaman;7_dokter_takut dokter_gila_takut;takut dokter mata halusinasi visual periksa mudah ngadepin takut dokter curiga halusinasi halusinasi visual ganggu psikotik dokter mata pastiin mata bangga susun rencana dokter terlalu takut bawa temen siapin
Aku takut ke dokter buat ceritain panikku. Apa mereka bakal anggap aku aneh?;Takut cerita ke dokter itu wajar, tapi dokter justru terbiasa dengerin soal panik, kok. Mereka nggak akan anggap kamu aneh—panik itu hal yang umum. Coba mulai dengan ceritain satu gejala, seperti jantungan, dan lihat reaksinya. Kalau masih takut, apa yang bikin kamu khawatir soal ke dokter? Kita bisa siapin apa yang mau diceritain.;GROK;D12_GROK_ClinicalHandbookPsychologicalDisorders55-65_20.json;takut dokter panik anggap aneh takut dokter dokter justru dengerin panik anggap aneh panik umum gejala jantung reaksi takut khawatir dokter siapin diceritain;7;1.0;takut - dokter - mental - gila - obat - sehat - khawatir - jiwa - tahu - nyaman;7_dokter_takut dokter_gila_takut;takut dokter panik anggap aneh takut dokter dokter justru dengerin panik anggap aneh panik umum gejala jantung reaksi takut khawatir dokter siapin diceritain
Aku merasa malu ngaku ke dokter kalau aku minum banyak. Gimana caranya biar berani?;Rasa malu itu wajar, tapi dokter ada buat bantu, bukan buat nilai kamu. Coba mulai dengan ceritain sedikit dulu, misalnya bilang kamu khawatir sama kebiasaan minummu. Aku bisa bantu kamu susun kalimatnya kalau mau. Apa yang bikin kamu merasa malu?;GROK;D12_GROK_ClinicalHandbookPsychologicalDisorders583-593_20.json;malu ngaku dokter berani malu dokter bukan nilai khawatir susun malu;7;1.0;takut - dokter - mental - gila - obat - sehat - khawatir - jiwa - tahu - nyaman;7_dokter_takut dokter_gila_takut;malu ngaku dokter berani malu dokter bukan nilai khawatir susun malu
Aku kadang ngerasa malu ceritain masalahku ke dokter. Gimana caranya biar nggak malu?;Wajar banget kalau kamu merasa malu, karena ceritain hal pribadi itu nggak gampang. Tapi dokter dan konselor udah terlatih buat denger tanpa judge. Coba mulai dengan ceritain sedikit dulu, yang kamu nyaman, dan bilang kalau kamu nervous. Mereka biasanya bakal bantu kamu rileks. Apa yang bikin kamu malu ceritain ke dokter?;GROK;D12_GROK_ClinicalHandbookPsychologicalDisorders638-648_20.json;ngerasa malu dokter malu malu pribadi gampang dokter konselor udah denger judge nyaman nervous rileks malu dokter;7;1.0;takut - dokter - mental - gila - obat - sehat - khawatir - jiwa - tahu - nyaman;7_dokter_takut dokter_gila_takut;ngerasa malu dokter malu malu pribadi gampang dokter konselor udah denger judge nyaman nervous rileks malu dokter
Aku takut ke dokter mata karena takut lihat cahaya terang bikin aku panik. Aku harus tetep pergi nggak?;Pemeriksaan mata penting buat kesehatanmu, tapi aku paham ketakutanmu. Mungkin kamu bisa ceritain ke dokter soal kecemasanmu sebelumnya, jadi mereka bisa bantu bikin situasinya lebih nyaman. Mau aku bantu susun rencana buat ke dokter?;GROK;D12_GROK_ClinicalHandbookPsychologicalDisorders66-76_20.json;takut dokter mata takut cahaya terang panik pergi periksa mata penting sehat paham takut dokter cemas situasi nyaman susun rencana dokter;7;1.0;takut - dokter - mental - gila - obat - sehat - khawatir - jiwa - tahu - nyaman;7_dokter_takut dokter_gila_takut;takut dokter mata takut cahaya terang panik pergi periksa mata penting sehat paham takut dokter cemas situasi nyaman susun rencana dokter
Aku takut ke dokter karena takut dikasih obat yang bikin aku panik. Aku harus bilang apa ke dokter?;Jujur aja ke dokter soal kecemasanmu, misalnya bilang, ‘Saya khawatir obat bikin saya panik.’ Mereka biasanya akan jelasin pilihan yang aman. Mau aku bantu susun kalimat yang nyaman buat kamu bilang ke dokter?;GROK;D12_GROK_ClinicalHandbookPsychologicalDisorders66-76_20.json;takut dokter takut obat panik dokter jujur dokter cemas khawatir obat panik jelasin pilih susun nyaman dokter;7;1.0;takut - dokter - mental - gila - obat - sehat - khawatir - jiwa - tahu - nyaman;7_dokter_takut dokter_gila_takut;takut dokter takut obat panik dokter jujur dokter cemas khawatir obat panik jelasin pilih susun nyaman dokter
Aku takut kalau ke dokter buat cek kesehatan gara-gara makanku. Apa yang harus aku siapin?;Aku ngerti kalau ke dokter itu bikin deg-degan, tapi ini langkah bagus buat jaga kesehatanmu. Coba siapin catatan tentang pola makanmu atau masalah yang kamu rasain, biar dokter lebih paham. Kalau takut, ajak temen atau keluarga buat nemenin. Aku juga bisa bantu bikin daftar pertanyaan buat dokter. Apa yang bikin kamu takut ke dokter?;GROK;D12_GROK_ClinicalHandbookPsychologicalDisorders737-747_20.json;takut dokter sehat gara gara makan siapin dokter degan bagus jaga sehat siapin catat pola makan rasain dokter paham takut temen keluarga nemenin daftar dokter takut dokter;7;1.0;takut - dokter - mental - gila - obat - sehat - khawatir - jiwa - tahu - nyaman;7_dokter_takut dokter_gila_takut;takut dokter sehat gara gara makan siapin dokter degan bagus jaga sehat siapin catat pola makan rasain dokter paham takut temen keluarga nemenin daftar dokter takut dokter
Aku kadang nggak bisa bedain warna tertentu, kayak merah sama cokelat. Apa itu wajar?;Kalau kamu sulit bedain warna tertentu, bisa jadi itu tanda buta warna parsial, seperti sulit membedakan merah dan cokelat. Ini bukan penyakit, tapi kondisi genetik yang bikin sebagian orang susah membedakan warna tertentu. Kalau ini mengganggu, mungkin coba tes buta warna di dokter mata untuk memastikan.;GROK;D4_GROK_PengantarPsikologiBimoW123-133_20.json;bedain merah cokelat sulit bedain buta parsial sulit merah cokelat bukan sakit kondisi genetik susah ganggu buta dokter mata;7;1.0;takut - dokter - mental - gila - obat - sehat - khawatir - jiwa - tahu - nyaman;7_dokter_takut dokter_gila_takut;bedain merah cokelat sulit bedain buta parsial sulit merah cokelat bukan sakit kondisi genetik susah ganggu buta dokter mata
Aku kadang nggak bisa bedain biru sama kuning. Apa itu tanda buta warna?;Kalau kamu susah membedakan biru dan kuning, bisa jadi itu tanda buta warna parsial, khususnya biru-kuning. Ini kondisi genetik, bukan penyakit, dan nggak bisa disembuhkan. Kalau ini bikin kesulitan sehari-hari, coba tes buta warna di dokter mata untuk tahu lebih jelas.;GROK;D4_GROK_PengantarPsikologiBimoW123-133_20.json;bedain biru kuning buta susah biru kuning buta parsial khusus biru kuning kondisi genetik bukan sakit sembuh sulit buta dokter mata tahu jelas;7;1.0;takut - dokter - mental - gila - obat - sehat - khawatir - jiwa - tahu - nyaman;7_dokter_takut dokter_gila_takut;bedain biru kuning buta susah biru kuning buta parsial khusus biru kuning kondisi genetik bukan sakit sembuh sulit buta dokter mata tahu jelas
Aku nggak suka ngomong sama orang soal masalahku. Apa aku harus ke dokter jiwa?;Nggak suka cerita ke orang itu wajar, kok. Tapi kalau masalahmu terasa berat, ngobrol sama profesional bisa membantu, dan mereka nggak akan judge. Kalau belum siap, mungkin coba tulis perasaanmu di buku? Aku bisa bantu kasih ide cara mulai.;GROK;D11_GROK_AHandbookfortheSMH325-335_20.json;ngomong dokter jiwa berat profesional judge siap buku;7;1.0;takut - dokter - mental - gila - obat - sehat - khawatir - jiwa - tahu - nyaman;7_dokter_takut dokter_gila_takut;ngomong dokter jiwa berat profesional judge siap buku
Aku pengen ke dokter, tapi nggak punya asuransi. Apa ada cara lain?;Aku ngerti, biaya bisa jadi kendala besar. Tapi ada beberapa pilihan, lho. Banyak puskesmas atau klinik komunitas yang nawarin layanan kesehatan mental dengan biaya rendah atau gratis. Ada juga organisasi nirlaba yang bisa bantu. Kalau kamu kasih tahu daerahmu, aku bisa bantu cari info.;GROK;D11_GROK_AHandbookfortheSMH446-456_20.json;dokter asuransi biaya kendala beberapa pilih puskesmas klinik nawarin sehat mental biaya rendah gratis organisasi nirlaba tahu daerah info;7;0.8207465527836032;takut - dokter - mental - gila - obat - sehat - khawatir - jiwa - tahu - nyaman;-1_kecil_diri_sendiri_hidup;dokter asuransi biaya kendala beberapa pilih puskesmas klinik nawarin sehat mental biaya rendah gratis organisasi nirlaba tahu daerah info
Aku coba ke bioskop sendiri, tapi aku takut banget harus lari keluar karena panik. Apa aku harus tetap coba?;Hebat banget kamu udah coba ke bioskop sendiri! Takut itu wajar, tapi kabur setiap kali panik bisa bikin ketakutanmu makin kuat. Coba mulai dengan duduk di dekat pintu keluar dulu, biar kamu merasa lebih aman. Mau aku bantu rencanain langkah berikutnya?;GROK;D12_GROK_ClinicalHandbookPsychologicalDisorders66-76_20.json;bioskop sendiri takut lari keluar panik tetap udah bioskop sendiri takut kabur panik takut makin kuat duduk dekat pintu keluar rencanain;7;0.6795759591722184;takut - dokter - mental - gila - obat - sehat - khawatir - jiwa - tahu - nyaman;-1_kecil_diri_sendiri_hidup;bioskop sendiri takut lari keluar panik tetap udah bioskop sendiri takut kabur panik takut makin kuat duduk dekat pintu keluar rencanain
Aku pengen aktif lagi, tapi takut sakitku tambah parah. Apa yang harus aku lakukan?;Takut itu wajar, tapi menghindari aktivitas bisa bikin ototmu makin lemah, dan itu malah nambah rasa sakit. Coba mulai dengan tujuan kecil, kayak jalan kaki sekali seminggu di sekitar rumah. Tulis apa yang kamu rasakan sebelum dan sesudah. Kalau khawatir, mungkin konsultasi dulu sama dokter buat pastikan aktivitas yang aman. Apa tujuan kecil yang pengen kamu coba minggu ini?;GROK;D12_GROK_ClinicalHandbookPsychologicalDisorders704-714_20.json;takut sakit tambah parah laku takut hindar aktivitas makin lemah malah nambah sakit tuju kecil jalan kaki sekali minggu khawatir konsultasi dokter aktivitas tuju kecil minggu;7;0.6748915441939417;takut - dokter - mental - gila - obat - sehat - khawatir - jiwa - tahu - nyaman;-1_kecil_diri_sendiri_hidup;takut sakit tambah parah laku takut hindar aktivitas makin lemah malah nambah sakit tuju kecil jalan kaki sekali minggu khawatir konsultasi dokter aktivitas tuju kecil minggu
Teman-temanku bilang aku harus ke dokter jiwa, tapi aku takut dikira gila. Gimana dong?;Waduh, label 'gila' itu bikin takut ya, apalagi kalau cuma dari stigma. Ke dokter jiwa atau psikolog nggak berarti kamu 'gila', kok. Mereka cuma bantu kamu ngerti apa yang lagi kamu alami, kayak temen yang paham soal kesehatan mental. Kalau temenmu nyaranin gitu, mungkin mereka khawatir sama kamu. Apa kamu merasa ada yang nggak beres sama perasaanmu akhir-akhir ini? Cerita ke aku dulu, yuk.;GROK;D11_GROK_AHandbookfortheSMH457-467_20.json;teman teman dokter jiwa takut gila waduh label gila takut stigma dokter jiwa psikolog arti gila alami temen paham sehat mental temenmu nyaranin khawatir beres akhir akhir;7;0.6716629064532106;takut - dokter - mental - gila - obat - sehat - khawatir - jiwa - tahu - nyaman;7_dokter_takut dokter_gila_takut;teman teman dokter jiwa takut gila waduh label gila takut stigma dokter jiwa psikolog arti gila alami temen paham sehat mental temenmu nyaranin khawatir beres akhir akhir
Aku takut banget kalau orang tahu aku punya masalah mental. Apa mereka bakal anggap aku aneh?;Wajar banget merasa takut soal stigma, tapi kamu nggak sendirian kok. Banyak orang yang mengalami tantangan mental, dan itu nggak bikin kamu aneh. Mungkin coba ceritain ke orang yang kamu percaya dulu, dengan cara yang nyaman buatmu. Aku di sini buat dengerin kalau kamu mau latihan ngomongin ini, lho.;GROK;D12_GROK_ClinicalHandbookPsychologicalDisorders517-527_20.json;takut tahu mental anggap aneh takut stigma sendiri alami tantang mental aneh percaya nyaman dengerin ngomongin;7;0.6382628843556579;takut - dokter - mental - gila - obat - sehat - khawatir - jiwa - tahu - nyaman;-1_kecil_diri_sendiri_hidup;takut tahu mental anggap aneh takut stigma sendiri alami tantang mental aneh percaya nyaman dengerin ngomongin
Aku takut kalau aku ke dokter jiwa, orang bakal bilang aku gila. Apa aku harus cuek aja?;Rasa takut itu wajar, apalagi stigma soal kesehatan mental masih besar. Tapi, mencari bantuan adalah tanda kamu kuat dan peduli sama diri sendiri, bukan sebaliknya. Kalau kamu khawatir soal omongan orang, mungkin bisa mulai dengan ngobrol sama orang yang kamu percaya. Apa yang bikin kamu ragu buat cari bantuan?;GROK;D11_GROK_AHandbookfortheSMH259-269_20.json;takut dokter jiwa gila cuek takut stigma sehat mental kuat peduli diri sendiri bukan balik khawatir omong percaya ragu;7;0.6303619788514606;takut - dokter - mental - gila - obat - sehat - khawatir - jiwa - tahu - nyaman;7_dokter_takut dokter_gila_takut;takut dokter jiwa gila cuek takut stigma sehat mental kuat peduli diri sendiri bukan balik khawatir omong percaya ragu
Aku takut kalau aku gila karena denger suara-suara. Apa aku gila?;Kamu nggak gila. Denger suara-suara itu bisa terjadi karena banyak hal, seperti stres, cemas, atau bahkan kondisi kesehatan mental tertentu. Yang penting, kamu nggak sendirian, dan ada bantuan buat ngatasin ini. Aku saranin bicara sama psikolog supaya kamu bisa paham lebih jauh dan merasa lebih tenang. Apa kamu pernah ceritain ini ke orang yang kamu percaya?;GROK;D12_GROK_ClinicalHandbookPsychologicalDisorders561-571_20.json;takut gila denger gila gila denger stres cemas bahkan kondisi sehat mental penting sendiri ngatasin saranin bicara psikolog paham jauh tenang percaya;7;0.6302438457458268;takut - dokter - mental - gila - obat - sehat - khawatir - jiwa - tahu - nyaman;-1_kecil_diri_sendiri_hidup;takut gila denger gila gila denger stres cemas bahkan kondisi sehat mental penting sendiri ngatasin saranin bicara psikolog paham jauh tenang percaya
Aku takut ujian status mental bikin aku kelihatan buruk. Apa itu perlu?;Aku ngerti takutnya kalau ujian bikin ngerasa nggak oke. Susan Lukas bilang ujian status mental itu cuma buat cek cepet gimana kondisi pikiran dan perasaanmu saat ini, biasanya di rumah sakit. Bukan buat nilai kamu, tapi buat bantu psikolog tahu apa yang lagi terjadi. Kalau khawatir, tanya tujuannya. Mau ceritain apa yang bikin takut? Aku dengerin, kok.;GROK;D2_GROK_DrAndrewClinicalPsychology171-194_44.json;takut status mental perlu takut ngerasa lukas status mental cepet kondisi sakit bukan nilai psikolog tahu khawatir tuju takut dengerin;7;0.6098240367398784;takut - dokter - mental - gila - obat - sehat - khawatir - jiwa - tahu - nyaman;-1_kecil_diri_sendiri_hidup;takut status mental perlu takut ngerasa lukas status mental cepet kondisi sakit bukan nilai psikolog tahu khawatir tuju takut dengerin
Aku takut gangguan mental cuma omong kosong. Apa Wakefield bilang gitu?;Aku ngerti kamu pengen tahu apa gangguan mental itu beneran. Jerome Wakefield bilang gangguan mental itu nyata, tapi harus ada dua hal: sesuatu di pikiranmu nggak jalan seperti seharusnya, dan itu bikin hidupmu susah menurut nilai-nilai di sekitarmu. Jadi, bukan cuma omong kosong, tapi sesuatu yang bikin kamu menderita. Mau ceritain apa yang lagi bikin khawatir? Aku dengerin, kok.;GROK;D2_GROK_DrAndrewClinicalPsychology150-170_38.json;takut ganggu mental omong kosong wakefield tahu ganggu mental beneran jerome wakefield ganggu mental nyata jalan hidup susah turut nilai nilai bukan omong kosong derita khawatir dengerin;7;0.6088847688702118;takut - dokter - mental - gila - obat - sehat - khawatir - jiwa - tahu - nyaman;-1_kecil_diri_sendiri_hidup;takut ganggu mental omong kosong wakefield tahu ganggu mental beneran jerome wakefield ganggu mental nyata jalan hidup susah turut nilai nilai bukan omong kosong derita khawatir dengerin
Emilia, aku takut kalau gangguan mentalku bikin aku melakukan sesuatu yang nggak aku sadari, kayak menyakiti orang.;Aku paham ketakutanmu itu. Sebagian besar orang dengan gangguan mental nggak otomatis menyakiti orang, tapi kalau kamu khawatir soal ini, itu tanda kamu peduli sama orang lain. Coba bicara sama profesional buat evaluasi gejalamu dan buat rencana pencegahan, seperti terapi atau obat. Aku di sini buat nemenin, dan kita bisa pikirin langkah apa yang bikin kamu merasa lebih aman.;GROK;D11_GROK_AHandbookfortheSMH512-522_20.json;takut ganggu mental laku sakit paham takut ganggu mental otomatis sakit khawatir peduli bicara profesional evaluasi gejala rencana cegah terapi obat nemenin pikirin;7;0.6075089856731289;takut - dokter - mental - gila - obat - sehat - khawatir - jiwa - tahu - nyaman;-1_kecil_diri_sendiri_hidup;takut ganggu mental laku sakit paham takut ganggu mental otomatis sakit khawatir peduli bicara profesional evaluasi gejala rencana cegah terapi obat nemenin pikirin
Aku denger ada orang yang bilang orang gila itu berbahaya. Aku takut orang mikir gitu tentang aku. Apa bener gitu?;Stigma itu memang menyakitkan, dan sayangnya, banyak orang salah paham soal gangguan mental. Data menunjukkan bahwa kebanyakan orang dengan gangguan mental nggak berbahaya, dan tindakan kekerasan itu jarang banget terjadi, biasanya dipicu oleh faktor lain seperti kemiskinan atau nggak ada dukungan. Kamu nggak sendirian ngerasa takut dihakimi—banyak orang ngalamin ini. Mungkin kamu bisa coba ceritain ke orang terdekat yang kamu percaya, biar mereka ngerti kamu lebih baik. Apa yang bikin kamu takut orang mikir gitu?;GROK;D11_GROK_AHandbookfortheSMH490-500_20.json;denger gila bahaya takut mikir stigma sakit sayang salah paham ganggu mental data tunjuk ganggu mental bahaya tindak jarang picu faktor miskin dukung sendiri ngerasa takut hakim ngalamin dekat percaya takut mikir;7;0.6071896330103708;takut - dokter - mental - gila - obat - sehat - khawatir - jiwa - tahu - nyaman;-1_kecil_diri_sendiri_hidup;denger gila bahaya takut mikir stigma sakit sayang salah paham ganggu mental data tunjuk ganggu mental bahaya tindak jarang picu faktor miskin dukung sendiri ngerasa takut hakim ngalamin dekat percaya takut mikir
Saya pikir saya punya bulimia, tapi takut ke dokter, dan itu bikin cemas. Bagaimana terapi membantu, dan apa yang bisa saya lakukan?;Keberanianmu untuk pikirkan ini luar biasa, meski takut! Terapi untuk bulimia, seperti CBT, bantu atur pola makan dengan pantau kebiasaan dan ubah pikiran negatif, sering dikombinasikan dengan obat untuk kurangi dorongan makan berlebihan. Ini bantu kesehatan mental karena bikin kamu merasa kendali. Coba cari konselor yang ramah atau hotline kesehatan mental untuk mulai bicara. Tulis perasaanmu untuk persiapan. Bilang, ‘Aku layak sembuh.’ Apa yang bikin takut, dan langkah kecil apa yang bisa kamu ambil?;GROK;D1_GROK_HealthPsycology96-113_30.json;bulimia takut dokter cemas terapi laku berani luar takut terapi bulimia atur pola makan pantau ubah negatif kombinasi obat kurang dorong makan sehat mental kendali konselor ramah hotline sehat mental bicara siap layak sembuh takut kecil;7;0.6010265585443839;takut - dokter - mental - gila - obat - sehat - khawatir - jiwa - tahu - nyaman;-1_kecil_diri_sendiri_hidup;bulimia takut dokter cemas terapi laku berani luar takut terapi bulimia atur pola makan pantau ubah negatif kombinasi obat kurang dorong makan sehat mental kendali konselor ramah hotline sehat mental bicara siap layak sembuh takut kecil
Aku takut orang tahu aku lagi treatment buat kecanduan. Gimana cara ngatasin rasa takut ini?;Wajar kok kalau kamu merasa takut, itu menunjukkan kamu peduli sama privasimu. Kamu nggak harus cerita ke semua orang, cukup ke orang-orang yang kamu percaya. Kalau khawatir soal stigma, coba fokus pada tujuanmu untuk sembuh. Treatment itu langkah berani, dan kamu layak bangga. Kalau butuh tempat curhat tanpa dihakimi, aku selalu ada, ya.;GROK;D12_GROK_ClinicalHandbookPsychologicalDisorders649-659_20.json;takut tahu treatment candu ngatasin takut takut tunjuk peduli privasi cukup percaya khawatir stigma tuju sembuh treatment berani layak bangga butuh tempat curhat hakim;7;0.5824893220082388;takut - dokter - mental - gila - obat - sehat - khawatir - jiwa - tahu - nyaman;-1_kecil_diri_sendiri_hidup;takut tahu treatment candu ngatasin takut takut tunjuk peduli privasi cukup percaya khawatir stigma tuju sembuh treatment berani layak bangga butuh tempat curhat hakim
Kalau aku nggak khawatir, aku takut aku malah nggak belajar buat ujian. Itu aneh nggak?;Haha, nggak aneh kok! Banyak yang merasa khawatir itu kayak ‘bensin’ buat dorong mereka belajar. Tapi, khawatir berlebihan bisa bikin kamu stres, lho. Coba ganti kekhawatiran itu sama rencana belajar yang jelas, misalnya atur jadwal tiap hari buat belajar sedikit-sedikit. Jadi, kamu tetep siap tanpa harus panik. Mau bikin jadwal bareng?;GROK;D12_GROK_ClinicalHandbookPsychologicalDisorders220-230_20.json;khawatir takut malah aneh haha aneh khawatir bensin dorong khawatir stres khawatir rencana jelas atur jadwal siap panik jadwal bareng;7;0.5741469649495003;takut - dokter - mental - gila - obat - sehat - khawatir - jiwa - tahu - nyaman;-1_kecil_diri_sendiri_hidup;khawatir takut malah aneh haha aneh khawatir bensin dorong khawatir stres khawatir rencana jelas atur jadwal siap panik jadwal bareng
Aku merasa akhir-akhir ini orang-orang lebih terbuka soal masalah kesehatan mental. Apa sih yang bikin perubahan ini?;Banyak hal yang berperan, lho. Sekarang, masalah kesehatan mental nggak cuma dilihat sebagai gangguan berat, tapi juga mencakup masalah emosional sehari-hari. Iklan obat-obatan psikotropika di media juga bikin orang lebih aware untuk cari bantuan profesional. Plus, stigma soal ke dokter atau terapis udah mulai berkurang, jadi orang lebih berani bicara dan mencari solusi.;GROK;D11_GROK_AHandbookfortheSMH39-49_20.json;akhir akhir sehat mental ubah peran sehat mental ganggu berat cakup emosional iklan obat obat psikotropika media aware profesional plus stigma dokter terap udah kurang berani bicara solusi;7;0.5616419030211106;takut - dokter - mental - gila - obat - sehat - khawatir - jiwa - tahu - nyaman;-1_kecil_diri_sendiri_hidup;akhir akhir sehat mental ubah peran sehat mental ganggu berat cakup emosional iklan obat obat psikotropika media aware profesional plus stigma dokter terap udah kurang berani bicara solusi
Aku takut kalo aku ke dokter, mereka bakal kasih obat yang bikin aku ketergantungan. Bener nggak?;Kekhawatiran itu wajar, tapi dokter yang baik bakal jelasin obat apa yang kamu butuhin dan efeknya. Nggak semua obat bikin ketergantungan, kok. Coba tanya dokter soal rencana pengobatan yang aman. Kalau mau, aku bantu kasih pertanyaan yang bisa kamu tanyain ke dokter. Mau?;GROK;D11_GROK_AHandbookfortheSMH589-599_20.json;takut kalo dokter obat khawatir dokter jelasin obat butuhin efek obat dokter rencana obat tanyain dokter;7;0.5562145996133245;takut - dokter - mental - gila - obat - sehat - khawatir - jiwa - tahu - nyaman;7_dokter_takut dokter_gila_takut;takut kalo dokter obat khawatir dokter jelasin obat butuhin efek obat dokter rencana obat tanyain dokter
Saya takut teman saya dengan anoreksia nggak mau ke dokter, dan itu bikin cemas. Bagaimana terapi membantu, dan apa yang bisa saya lakukan?;Kekhawatiranmu menunjukkan kamu teman yang luar biasa! Terapi untuk anoreksia mulai dengan naikkan berat badan secara aman, sering di rumah sakit, dan pakai CBT untuk ubah pola pikir, yang bantu kurangi cemas dan tingkatin kesehatan mental. Coba ajak temanmu bicara dengan empati, seperti ‘Aku tahu ini susah, tapi aku di sini buat kamu.’ Tawari nemenin ke dokter atau cari info terapi online. Apa yang bikin temanmu takut, dan cara apa yang bisa kamu coba untuk dukung mereka?;GROK;D1_GROK_HealthPsycology96-113_30.json;takut teman anoreksia dokter cemas terapi laku khawatir tunjuk teman luar terapi anoreksia naik berat badan sakit ubah pola kurang cemas tingkatin sehat mental teman bicara empati tahu susah tawar nemenin dokter info terapi teman takut dukung;7;0.5451921186965492;takut - dokter - mental - gila - obat - sehat - khawatir - jiwa - tahu - nyaman;-1_kecil_diri_sendiri_hidup;takut teman anoreksia dokter cemas terapi laku khawatir tunjuk teman luar terapi anoreksia naik berat badan sakit ubah pola kurang cemas tingkatin sehat mental teman bicara empati tahu susah tawar nemenin dokter info terapi teman takut dukung
Aku takut kalau ke dokter mental, nanti orang tahu dan ngomongin aku. Gimana caranya biar aman?;Kekhawatiranmu wajar banget. Dokter atau terapis biasanya terikat kode etik buat jaga kerahasiaan, jadi ceritamu aman. Kalau kamu takut orang lain tahu, coba pilih klinik yang lokasinya agak jauh dari tempat tinggalmu atau coba layanan online. Itu bisa bikin kamu lebih nyaman.;GROK;D11_GROK_AHandbookfortheSMH446-456_20.json;takut dokter mental tahu ngomongin khawatir dokter terap ikat kode etik jaga rahasia takut tahu pilih klinik lokasi jauh tempat tinggal nyaman;7;0.5298471381725429;takut - dokter - mental - gila - obat - sehat - khawatir - jiwa - tahu - nyaman;7_dokter_takut dokter_gila_takut;takut dokter mental tahu ngomongin khawatir dokter terap ikat kode etik jaga rahasia takut tahu pilih klinik lokasi jauh tempat tinggal nyaman
Aku takut kalau orang tahu aku ke psikiater, nanti dikira gila. Apa yang harus aku lakuin?;Takut stigma itu wajar, sayangnya banyak budaya yang masih salah paham soal kesehatan mental. Ke psikiater itu langkah berani buat jaga diri, bukan tanda ‘gila’. Coba fokus sama manfaatnya buat kamu. Kalau mau, aku bisa bantu kasih tips buat ngobrol sama orang terdekat soal ini. Apa yang bikin kamu takut orang tahu?;GROK;D11_GROK_AHandbookfortheSMH160-170_20.json;takut tahu psikiater gila lakuin takut stigma sayang salah paham sehat mental psikiater berani jaga diri bukan gila manfaat tips dekat takut tahu;7;0.5290461595633795;takut - dokter - mental - gila - obat - sehat - khawatir - jiwa - tahu - nyaman;-1_kecil_diri_sendiri_hidup;takut tahu psikiater gila lakuin takut stigma sayang salah paham sehat mental psikiater berani jaga diri bukan gila manfaat tips dekat takut tahu
Aku nggak mau minum obat buat masalah mentalku. Aku takut ketergantungan. Apa salah kalau aku tolak?;Kekhawatiranmu soal obat itu wajar banget, dan penting buat kamu merasa nyaman dengan pilihanmu. Tapi, obat kadang bisa bantu menstabilkan suasana hati, dan nggak selalu bikin ketergantungan kalau diatur dokter dengan baik. Coba diskusiin ketakutanmu sama dokter atau konselor, biar kamu dapat info lengkap. Aku dukung keputusanmu, apa pun itu, asal kamu jaga kesehatanmu, ya.;GROK;D12_GROK_ClinicalHandbookPsychologicalDisorders517-527_20.json;obat mental takut salah tolak khawatir obat penting nyaman pilih obat stabil suasana hati atur dokter diskusiin takut dokter konselor info lengkap dukung putus asal jaga sehat;7;0.5274914710519312;takut - dokter - mental - gila - obat - sehat - khawatir - jiwa - tahu - nyaman;-1_kecil_diri_sendiri_hidup;obat mental takut salah tolak khawatir obat penting nyaman pilih obat stabil suasana hati atur dokter diskusiin takut dokter konselor info lengkap dukung putus asal jaga sehat
Aku dari keluarga yang nggak biasa ke dokter jiwa. Gimana caranya aku mulai?;Aku ngerti, kalau keluarga nggak biasa ke dokter jiwa, rasanya kayak langkah besar. Mungkin coba mulai dari ngobrol sama konselor di komunitas atau layanan online, biar nggak terasa terlalu formal. Atau, cek info soal kesehatan mental biar kamu lebih paham. Apa yang bikin kamu pengen coba? Aku dukung, kok!;GROK;D11_GROK_AHandbookfortheSMH457-467_20.json;keluarga dokter jiwa keluarga dokter jiwa konselor terlalu formal info sehat mental paham dukung;7;0.5099526909192363;takut - dokter - mental - gila - obat - sehat - khawatir - jiwa - tahu - nyaman;-1_kecil_diri_sendiri_hidup;keluarga dokter jiwa keluarga dokter jiwa konselor terlalu formal info sehat mental paham dukung
Emilia, aku denger suara yang nyuruh aku lakuin hal berbahaya. Aku takut nurutin. Apa yang harus aku lakuin?;Wah, itu pasti menakutkan banget. Denger suara yang nyuruh gitu bisa jadi halusinasi berbahaya, dan kamu nggak boleh nurutin. Langkah pertama, coba alihin perhatian, kayak denger musik atau ngomong sama orang. Juga, segera hubungi dokter atau terapis, karena ini serius. Aku di sini buat dukung kamu, mau aku bantu susun langkah buat kontak bantuan sekarang?;GROK;D12_GROK_ClinicalHandbookPsychologicalDisorders539-549_20.json;denger nyuruh lakuin bahaya takut nurutin lakuin takut denger nyuruh halusinasi bahaya nurutin pertama alihin perhati denger musik ngomong segera dokter terap serius dukung susun kontak;7;0.4965894043528187;takut - dokter - mental - gila - obat - sehat - khawatir - jiwa - tahu - nyaman;-1_kecil_diri_sendiri_hidup;denger nyuruh lakuin bahaya takut nurutin lakuin takut denger nyuruh halusinasi bahaya nurutin pertama alihin perhati denger musik ngomong segera dokter terap serius dukung susun kontak
Aku takut TAT bikin aku ngerasa nggak nyaman. Apa tes ini perlu?;Aku ngerti takutnya bikin cerita bisa bikin nggak enak. Leopold Bellak bilang TAT minta kamu bikin cerita dari gambar-gambar yang nggak jelas, biar psikolog ngerti gimana kamu lihat hubungan sama orang lain. Ini bantu ngungkap perasaan atau pikiran yang mungkin nggak keluar di tes lain. Kalau khawatir, bilang ke psikolog biar mereka bikin nyaman. Mau ceritain apa yang bikin takut? Aku dengerin, yuk.;GROK;D2_GROK_DrAndrewClinicalPsychology219-245_35.json;takut ngerasa nyaman perlu takut enak leopold bellak minta jelas psikolog ngungkap keluar khawatir psikolog nyaman takut dengerin;7;0.4925234823069516;takut - dokter - mental - gila - obat - sehat - khawatir - jiwa - tahu - nyaman;-1_kecil_diri_sendiri_hidup;takut ngerasa nyaman perlu takut enak leopold bellak minta jelas psikolog ngungkap keluar khawatir psikolog nyaman takut dengerin
Emilia, aku kadang mikir buat nggak usah ke dokter jiwa lagi. Apa salah kalau aku berhenti?;Aku paham kalau kamu merasa lelah atau ragu sama perawatan. Tapi, berhenti tiba-tiba bisa berisiko, apalagi kalau kamu lagi dalam perawatan tertentu. Mungkin ada baiknya ngobrol dulu sama dokter atau terapis buat bahas apa yang bikin kamu ragu. Kalau mau, ceritain ke aku apa yang bikin kamu pengen berhenti, aku dengerin kok.;GROK;D11_GROK_AHandbookfortheSMH534-544_20.json;mikir usah dokter jiwa salah henti paham lelah ragu awat henti risiko awat dokter terap bahas ragu henti dengerin;7;0.4851046814155731;takut - dokter - mental - gila - obat - sehat - khawatir - jiwa - tahu - nyaman;-1_kecil_diri_sendiri_hidup;mikir usah dokter jiwa salah henti paham lelah ragu awat henti risiko awat dokter terap bahas ragu henti dengerin
Saya ingin berhenti merokok, tapi takut ke dokter, dan itu bikin cemas. Bagaimana intervensi singkat membantu, dan apa yang bisa saya lakukan?;Saya tahu takut ke dokter itu wajar, tapi kamu berani karena ingin berhenti! Intervensi singkat, seperti ngobrol sama dokter 10 menit, kasih saran simpel, seperti nikotin patch, dan bikin kamu lebih tenang karena ada panduan. Coba cari dokter yang ramah via rekomendasi temen, dan ceritain kekhawatiranmu. Mulai dengan catat berapa rokok sehari dan kurangi satu. Bilang, ‘Aku layak sehat.’ Apa yang bikin takut, dan langkah apa yang bisa kamu ambil?;GROK;D1_GROK_HealthPsycology114-151_58.json;henti rokok takut dokter cemas intervensi singkat laku tahu takut dokter berani henti intervensi singkat dokter saran simpel nikotin patch tenang pandu dokter ramah rekomendasi temen khawatir catat berapa rokok kurang layak sehat takut;7;0.4730670741820293;takut - dokter - mental - gila - obat - sehat - khawatir - jiwa - tahu - nyaman;-1_kecil_diri_sendiri_hidup;henti rokok takut dokter cemas intervensi singkat laku tahu takut dokter berani henti intervensi singkat dokter saran simpel nikotin patch tenang pandu dokter ramah rekomendasi temen khawatir catat berapa rokok kurang layak sehat takut
Aku takut nikah lagi setelah cerai. Apa nikah kedua itu biasanya nggak sebahagia yang pertama?;Wajar banget kamu merasa takut, apalagi setelah pengalaman cerai. Nikah kedua memang kadang nggak sebahagia yang pertama buat sebagian orang, karena ada tantangan baru, seperti hubungan dengan keluarga tambahan atau trauma dari masa lalu. Tapi, kalau hubungannya dibangun dengan komunikasi yang baik dan saling mendukung, nikah kedua juga bisa bikin bahagia. Apa yang bikin kamu takut buat nikah lagi?;GROK;D11_GROK_AHandbookfortheSMH336-346_20.json;takut nikah cerai nikah bahagia pertama takut alam cerai nikah bahagia pertama tantang keluarga tambah trauma masa komunikasi saling dukung nikah bahagia takut nikah;7;0.4450225207320149;takut - dokter - mental - gila - obat - sehat - khawatir - jiwa - tahu - nyaman;-1_kecil_diri_sendiri_hidup;takut nikah cerai nikah bahagia pertama takut alam cerai nikah bahagia pertama tantang keluarga tambah trauma masa komunikasi saling dukung nikah bahagia takut nikah
Aku merasa nggak ada yang peduli sama apa yang aku mau dalam pengobatan. Kayaknya cuma keluargaku yang didengerin. Gimana biar suaraku didenger?;Aku ngerti banget frustrasimu. Dalam sejarah kesehatan mental, sering kali suara keluarga lebih dominan dibandingkan suara orang yang menjalani perawatan. Sekarang, ada gerakan yang mendorong supaya orang dengan gangguan mental dilibatkan dalam perencanaan perawatan. Coba bicarakan sama dokter atau terapis tentang keinginanmu, dan kalau perlu, bawa seseorang yang bisa dukung kamu, seperti temen atau advokat. Kamu juga bisa cari komunitas konsumen yang bisa bantu menyuarakan hakmu. Apa yang pengen kamu sampaikan ke dokter?;GROK;D11_GROK_AHandbookfortheSMH490-500_20.json;peduli obat keluarga didengerin didenger frustrasi sejarah sehat mental keluarga dominan banding jalan awat gera dorong ganggu mental libat rencana awat bicara dokter terap perlu bawa dukung temen advokat konsumen dokter;7;0.4440506173438667;takut - dokter - mental - gila - obat - sehat - khawatir - jiwa - tahu - nyaman;-1_kecil_diri_sendiri_hidup;peduli obat keluarga didengerin didenger frustrasi sejarah sehat mental keluarga dominan banding jalan awat gera dorong ganggu mental libat rencana awat bicara dokter terap perlu bawa dukung temen advokat konsumen dokter
Aku pengen coba terapi, tapi takut dianggap gila. Menurutmu gimana?;Terapi itu langkah berani buat jaga kesehatan mental, sama kayak ke dokter buat badan. Nggak ada hubungannya sama ‘gila’. Kalau kamu takut dihakimi, mungkin bisa coba terapi online dulu buat privasi. Aku dukung keputusanmu, mau ceritain lebih lanjut?;GROK;D12_GROK_ClinicalHandbookPsychologicalDisorders396-406_20.json;terapi takut anggap gila turut terapi berani jaga sehat mental dokter badan gila takut hakim terapi privasi dukung putus lanjut;7;0.4342463874273108;takut - dokter - mental - gila - obat - sehat - khawatir - jiwa - tahu - nyaman;-1_kecil_diri_sendiri_hidup;terapi takut anggap gila turut terapi berani jaga sehat mental dokter badan gila takut hakim terapi privasi dukung putus lanjut
Aku takut kalau aku coba treatment, nanti malah ketahuan orang-orang di sekitarku. Gimana ya?;Wajar banget kalau kamu khawatir soal privasi. Treatment itu seharusnya aman dan rahasia, kok. Banyak klinik yang punya aturan ketat buat jaga kerahasiaan pasien. Kamu bisa tanya ke klinik soal kebijakan privasi mereka sebelum mulai. Kalau mau, aku bisa bantu kasih ide cara ngomong ke orang-orang dekat tanpa merasa dihakimi. Apa yang bikin kamu takut ketahuan?;GROK;D12_GROK_ClinicalHandbookPsychologicalDisorders638-648_20.json;takut treatment malah tahu khawatir privasi treatment rahasia klinik atur ketat jaga rahasia pasien klinik bijak privasi ngomong dekat hakim takut tahu;7;0.4331454985371926;takut - dokter - mental - gila - obat - sehat - khawatir - jiwa - tahu - nyaman;-1_kecil_diri_sendiri_hidup;takut treatment malah tahu khawatir privasi treatment rahasia klinik atur ketat jaga rahasia pasien klinik bijak privasi ngomong dekat hakim takut tahu
Aku takut ke dokter karena bahasa Inggrisku nggak bagus. Ada solusi nggak?;Wajar kalau khawatir soal bahasa. Coba cari layanan yang punya staf yang bisa bahasa yang kamu nyaman pake. Banyak tempat sekarang nawarin terjemahan atau staf bilingual. Kalau mau, aku bisa bantu cari info layanan kayak gitu di deketmu.;GROK;D11_GROK_AHandbookfortheSMH468-478_20.json;takut dokter bahasa inggris bagus solusi khawatir bahasa staf bahasa nyaman pake tempat nawarin terjemah staf bilingual info deketmu;7;0.4316640451557942;takut - dokter - mental - gila - obat - sehat - khawatir - jiwa - tahu - nyaman;-1_kecil_diri_sendiri_hidup;takut dokter bahasa inggris bagus solusi khawatir bahasa staf bahasa nyaman pake tempat nawarin terjemah staf bilingual info deketmu
Bagaimana menyeimbangkan rasa takut agar tidak berlebihan tapi tetap waspada?;Tulis dua kolom: 'fakta medis' vs 'ketakutan'. Bandingkan—mana kekhawatiran yang tidak berdasar data? Fokus pada fakta dan strategi pemulihan yang bisa kamu kendalikan, seperti latihan napas dan mobilisasi dini.;GPT;D1_GPT_HealthPsycology184-208_50.json;imbang takut tetap waspada kolom fakta medis takut banding khawatir data fakta strategi pulih kendali mobilisasi dini;7;0.4286062426920393;takut - dokter - mental - gila - obat - sehat - khawatir - jiwa - tahu - nyaman;-1_kecil_diri_sendiri_hidup;imbang takut tetap waspada kolom fakta medis takut banding khawatir data fakta strategi pulih kendali mobilisasi dini
Aku takut banget kalau orang tahu aku ke psikiater, nanti dikira gila. Gimana dong?;Wajar kok takut dihakimi, tapi ke psikiater itu langkah berani buat jaga kesehatan mentalmu, sama kayak ke dokter buat badan. Stigma memang ada, tapi kesehatanmu lebih penting. Mungkin kamu bisa mulai cerita ke orang yang kamu percaya dulu, biar nggak terasa sendirian. Gimana menurutmu?;GROK;D11_GROK_AHandbookfortheSMH17-27_20.json;takut tahu psikiater gila takut hakim psikiater berani jaga sehat mental dokter badan stigma sehat penting percaya sendiri turut;7;0.4063293145911448;takut - dokter - mental - gila - obat - sehat - khawatir - jiwa - tahu - nyaman;7_dokter_takut dokter_gila_takut;takut tahu psikiater gila takut hakim psikiater berani jaga sehat mental dokter badan stigma sehat penting percaya sendiri turut
Aku ngerasa takut kena teroris pas di tempat umum. Apa ini cuma aku?;Kamu nggak sendiri, ketakutan soal terorisme itu nyata, apalagi setelah kejadian besar. Penelitian bilang ketakutan kayak gini bisa bikin cemas. Coba ceritain, apa yang bikin kamu takut di tempat umum? Aku bantu pikirin cara buat ngurangin kecemasanmu.;GROK;D11_GROK_AHandbookfortheSMH182-192_20.json;ngerasa takut kena teroris tempat umum sendiri takut terorisme nyata takut cemas takut tempat umum pikirin ngurangin cemas;7;0.4017234717142549;takut - dokter - mental - gila - obat - sehat - khawatir - jiwa - tahu - nyaman;-1_kecil_diri_sendiri_hidup;ngerasa takut kena teroris tempat umum sendiri takut terorisme nyata takut cemas takut tempat umum pikirin ngurangin cemas
Aku suka ngerasa panas atau pegel tanpa sebab. Itu apa ya?;Itu mungkin perasaan sensoris, yang berhubungan sama tubuhmu. Bisa jadi tanda tubuhmu lagi ngasih sinyal, misalnya karena stres atau capek. Kalau ini sering terjadi, mungkin baiknya cek ke dokter buat pastiin gak ada masalah fisik. Apa kamu juga lagi stres akhir-akhir ini?;GROK;D4_GROK_PengantarPsikologiBimoW211-221_20.json;ngerasa panas sensoris tubuh tubuh ngasih stres capek dokter pastiin fisik stres akhir akhir;7;0.3967542386774578;takut - dokter - mental - gila - obat - sehat - khawatir - jiwa - tahu - nyaman;-1_kecil_diri_sendiri_hidup;ngerasa panas sensoris tubuh tubuh ngasih stres capek dokter pastiin fisik stres akhir akhir
Saya takut menghadapi penyakit serius, dan merasa nggak bisa ngomong sama siapa-siapa. Bagaimana konseling bisa bantu saya?;Rasa takut itu wajar banget, dan kamu berani banget ngaku perasaanmu. Konseling adalah tempat aman buat ceritain semua yang ada di hati, tanpa takut dihakimi. Konselor dilatih untuk dengerin dan bantu kamu atasi ketakutan atau kesedihan, kayak punya pemandu di jalan yang gelap. Mereka bisa ajarin teknik, seperti relaksasi, atau bantu kamu temuin makna dalam hidup. Coba tanya dokter atau cari konselor online. Apa yang lagi bikin kamu takut, dan apa yang pengen kamu ceritain kalau ada yang dengerin?;GROK;D1_GROK_HealthPsycology1-55_67.json;takut hadap sakit serius ngomong siapa siapa konseling takut berani ngaku konseling tempat hati takut hakim konselor dengerin takut sedih pandu jalan gelap ajarin teknik relaksasi temuin makna hidup dokter konselor takut dengerin;7;0.3893346849350192;takut - dokter - mental - gila - obat - sehat - khawatir - jiwa - tahu - nyaman;-1_kecil_diri_sendiri_hidup;takut hadap sakit serius ngomong siapa siapa konseling takut berani ngaku konseling tempat hati takut hakim konselor dengerin takut sedih pandu jalan gelap ajarin teknik relaksasi temuin makna hidup dokter konselor takut dengerin
Aku malu banget kalau orang tahu aku ke psikiater. Apa aku harus sembunyikan ini selamanya?;Rasa malu itu wajar, tapi kamu gak perlu merasa harus sembunyi. Ke psikiater itu langkah berani untuk jaga kesehatanmu, sama seperti ke dokter untuk sakit fisik. Kalau kamu khawatir dihakimi, coba pilih orang-orang yang kamu percaya untuk cerita, atau mulai dengan komunitas yang mendukung. Gak harus buru-buru terbuka ke semua orang. Apa yang bikin kamu paling takut kalau orang tahu?;GROK;D11_GROK_AHandbookfortheSMH600-609_20.json;malu tahu psikiater sembunyi lama malu perlu sembunyi psikiater berani jaga sehat dokter sakit fisik khawatir hakim pilih percaya dukung buru buru paling takut tahu;7;0.3763289803363207;takut - dokter - mental - gila - obat - sehat - khawatir - jiwa - tahu - nyaman;7_dokter_takut dokter_gila_takut;malu tahu psikiater sembunyi lama malu perlu sembunyi psikiater berani jaga sehat dokter sakit fisik khawatir hakim pilih percaya dukung buru buru paling takut tahu
Aku takut banget kalau orang-orang tahu aku punya masalah mental. Aku harus cerita ke siapa?;Ketakutan itu wajar, karena stigma tentang kesehatan mental memang masih ada. Kamu nggak harus cerita ke semua orang, tapi mungkin mulai dengan seseorang yang kamu percaya atau profesional seperti terapis. Kalau kamu belum siap, kita bisa bicarain dulu apa yang bikin kamu takut, biar kamu merasa lebih nyaman.;GROK;D12_GROK_ClinicalHandbookPsychologicalDisorders407-417_20.json;takut tahu mental siapa takut stigma sehat mental percaya profesional terap siap bicarain takut nyaman;7;0.3460859747402135;takut - dokter - mental - gila - obat - sehat - khawatir - jiwa - tahu - nyaman;-1_kecil_diri_sendiri_hidup;takut tahu mental siapa takut stigma sehat mental percaya profesional terap siap bicarain takut nyaman
Aku takut banget orang-orang tahu aku pernah ke psikolog. Apa mereka bakal nganggep aku gila?;Wajar kok takut dihakimi, tapi ke psikolog itu tanda kamu peduli sama diri sendiri, bukan berarti ‘gila’. Sayangnya, kadang orang salah paham soal kesehatan mental karena kurang informasi. Kalau kamu khawatir, kamu nggak harus cerita ke semua orang. Pilih orang yang kamu percaya buat berbagi. Kamu merasa nyaman cerita ke siapa biasanya?;GROK;D11_GROK_AHandbookfortheSMH138-148_20.json;takut tahu psikolog nganggep gila takut hakim psikolog peduli diri sendiri bukan arti gila sayang salah paham sehat mental kurang khawatir pilih percaya nyaman siapa;7;0.3393938349426073;takut - dokter - mental - gila - obat - sehat - khawatir - jiwa - tahu - nyaman;7_dokter_takut dokter_gila_takut;takut tahu psikolog nganggep gila takut hakim psikolog peduli diri sendiri bukan arti gila sayang salah paham sehat mental kurang khawatir pilih percaya nyaman siapa
Aku ngerasa orang-orang bakal nge-judge aku kalau tahu aku tes HIV. Aku malu banget. Gimana caranya biar aku nggak gitu?;Rasa malu itu bisa muncul karena stigma di sekitar kita, dan itu nggak adil buat kamu. Faktanya, tes HIV adalah langkah berani buat jaga kesehatan. Mungkin kamu bisa mulai dari tempat yang bikin kamu nyaman, kayak klinik yang rahasia. Apa kamu mau aku bantu cari info soal tempat tes yang aman?;GROK;D11_GROK_AHandbookfortheSMH567-577_20.json;ngerasa judge tahu malu malu muncul stigma adil fakta berani jaga sehat tempat nyaman klinik rahasia info tempat;7;0.3378832032891313;takut - dokter - mental - gila - obat - sehat - khawatir - jiwa - tahu - nyaman;7_dokter_takut dokter_gila_takut;ngerasa judge tahu malu malu muncul stigma adil fakta berani jaga sehat tempat nyaman klinik rahasia info tempat
Aku pengen nyoba jual obatku biar dapet duit. Itu ide buruk nggak sih?;Jujur, itu ide yang berisiko banget. Jual obat itu nggak cuma bisa bikin kamu kehilangan treatment, tapi juga bisa bawa masalah hukum serius. Aku tahu mungkin keuangan lagi susah, tapi kita bisa pikirin cara lain buat dapet duit, seperti kerja sampingan atau minta bantuan sosial. Apa yang bikin kamu pengen jual obat?;GROK;D12_GROK_ClinicalHandbookPsychologicalDisorders638-648_20.json;nyoba jual obat dapet duit jujur risiko jual obat hilang treatment bawa hukum serius tahu uang susah pikirin dapet duit kerja minta sosial jual obat;7;0.3163696600867546;takut - dokter - mental - gila - obat - sehat - khawatir - jiwa - tahu - nyaman;-1_kecil_diri_sendiri_hidup;nyoba jual obat dapet duit jujur risiko jual obat hilang treatment bawa hukum serius tahu uang susah pikirin dapet duit kerja minta sosial jual obat
Aku pengen coba terapi, tapi takut dihakimi. Gimana caranya biar aku berani?;Takut dihakimi itu wajar banget, apalagi kalau mau buka diri ke orang baru. Dalam psikologi, terapi sebenarnya dirancang buat bikin kamu merasa aman, bukan dihakimi. Mungkin kamu bisa mulai dengan cari terapis yang bikin kamu nyaman, atau coba ceritain ketakutanmu soal terapi ke aku dulu. Apa yang bikin kamu takut dihakimi? Aku bisa bantu dengerin dan kasih saran.;GROK;D11_GROK_AHandbookfortheSMH116-126_20.json;terapi takut hakim berani takut hakim diri psikologi terapi rancang bukan hakim terap nyaman takut terapi takut hakim dengerin saran;7;0.3092066436397261;takut - dokter - mental - gila - obat - sehat - khawatir - jiwa - tahu - nyaman;-1_kecil_diri_sendiri_hidup;terapi takut hakim berani takut hakim diri psikologi terapi rancang bukan hakim terap nyaman takut terapi takut hakim dengerin saran
Aku takut kalau orang tahu aku ke terapis, mereka bakal nganggap aku gila. Gimana dong?;Stigma itu memang bikin takut, tapi pergi ke terapis justru tanda kamu peduli sama diri sendiri. Mungkin coba ceritain ke orang yang kamu percaya dulu, atau cari terapis yang menjaga privasi. Kamu nggak ‘gila’, kamu cuma lagi berusaha lebih sehat. Aku dukung kamu, lho!;GROK;D11_GROK_AHandbookfortheSMH435-445_20.json;takut tahu terap nganggap gila stigma takut pergi terap justru peduli diri sendiri percaya terap jaga privasi gila usaha sehat dukung;7;0.3080396580692064;takut - dokter - mental - gila - obat - sehat - khawatir - jiwa - tahu - nyaman;7_dokter_takut dokter_gila_takut;takut tahu terap nganggap gila stigma takut pergi terap justru peduli diri sendiri percaya terap jaga privasi gila usaha sehat dukung
Aku takut orang tahu aku ke psikolog. Apa aku harus sembunyiin?;Wajar kok takut orang lain tahu, apalagi kalau ada stigma. Kamu nggak harus sembunyiin, tapi juga nggak harus cerita ke semua orang. Pilih aja orang-orang yang kamu percaya buat cerita, atau minta konselor jaga privasimu. Yang penting, kamu nyaman sama pilihanmu. Apa yang bikin kamu takut orang tahu? Ceritain ke aku, yuk.;GROK;D11_GROK_AHandbookfortheSMH457-467_20.json;takut tahu psikolog sembunyiin takut tahu stigma sembunyiin pilih percaya minta konselor jaga privasi penting nyaman pilih takut tahu;7;0.3019738032295092;takut - dokter - mental - gila - obat - sehat - khawatir - jiwa - tahu - nyaman;7_dokter_takut dokter_gila_takut;takut tahu psikolog sembunyiin takut tahu stigma sembunyiin pilih percaya minta konselor jaga privasi penting nyaman pilih takut tahu
Emilia, aku takut kalau aku masuk rumah sakit jiwa, nanti malah dikurung selamanya. Apa bener gitu?;Wajar kok kamu khawatir, tapi nggak selalu begitu. Rawat inap di fasilitas kesehatan mental biasanya untuk membantu orang pulih, bukan untuk ‘mengurung’. Banyak yang dirawat hanya sementara, tergantung kondisinya. Kalau kamu khawatir, coba bicara sama dokter atau konselor soal opsi perawatan yang lebih fleksibel, seperti terapi rawat jalan. Aku di sini buat dengerin kekhawatiranmu, ya.;GROK;D11_GROK_AHandbookfortheSMH512-522_20.json;takut masuk sakit jiwa malah kurung lama khawatir rawat inap fasilitas sehat mental pulih bukan urung rawat kondisi khawatir bicara dokter konselor opsi awat fleksibel terapi rawat jalan dengerin khawatir;7;0.3007845144430531;takut - dokter - mental - gila - obat - sehat - khawatir - jiwa - tahu - nyaman;7_dokter_takut dokter_gila_takut;takut masuk sakit jiwa malah kurung lama khawatir rawat inap fasilitas sehat mental pulih bukan urung rawat kondisi khawatir bicara dokter konselor opsi awat fleksibel terapi rawat jalan dengerin khawatir
Kalau aku ke dokter untuk masalah mentalku, takutnya malah dikira gila. Apa yang harus aku lakuin?;Kekhawatiran itu wajar, tapi penting untuk diinget bahwa dokter atau terapis tugasnya membantu, bukan menghakimi. Coba cari profesional yang bikin kamu nyaman, dan jelaskan kekhawatiranmu di awal. Kalau nggak cocok, nggak apa-apa cari yang lain. Kesehatan mentalku sama pentingnya dengan kesehatan fisik, lho.;GROK;D11_GROK_AHandbookfortheSMH446-456_20.json;dokter mental takut malah gila lakuin khawatir penting diinget dokter terap tugas bukan hakim profesional nyaman jelas khawatir awal cocok sehat mental penting sehat fisik;7;0.2948453118591395;takut - dokter - mental - gila - obat - sehat - khawatir - jiwa - tahu - nyaman;7_dokter_takut dokter_gila_takut;dokter mental takut malah gila lakuin khawatir penting diinget dokter terap tugas bukan hakim profesional nyaman jelas khawatir awal cocok sehat mental penting sehat fisik
Aku takut ngomong ke pasanganku soal status HIV-ku. Gimana caranya biar nggak dihakimi?;Bicara soal status HIV ke pasangan memang nggak mudah, dan wajar kalau kamu takut. Coba pilih waktu yang tenang dan tempat yang nyaman untuk ngobrol. Jujur aja tentang perasaanmu, dan kasih tahu fakta soal HIV, misalnya kalau kamu sedang dalam pengobatan yang bikin virus nggak menular. Kalau khawatir reaksinya, mungkin kamu bisa ajak konselor untuk bantu mediasi. Apa kamu merasa siap untuk mulai merencanakan percakapan ini?;GROK;D11_GROK_AHandbookfortheSMH578-588_20.json;takut ngomong pasang status hakim bicara status pasang mudah takut pilih tenang tempat nyaman jujur tahu fakta sedang obat virus tular khawatir reaksi konselor mediasi siap rencana cakap;7;0.2944921335872937;takut - dokter - mental - gila - obat - sehat - khawatir - jiwa - tahu - nyaman;-1_kecil_diri_sendiri_hidup;takut ngomong pasang status hakim bicara status pasang mudah takut pilih tenang tempat nyaman jujur tahu fakta sedang obat virus tular khawatir reaksi konselor mediasi siap rencana cakap
Saya merasa dokter saya nggak ngerti kebutuhan mental saya. Bagaimana saya bisa pastikan kebutuhan psikologis saya didengar?;Kamu berhak didengar, dan saya tahu rasanya kalau merasa nggak dimengerti. Dokter yang baik seharusnya peduli sama kesehatan mentalmu, nggak cuma fisik. Coba siapin catatan sebelum ketemu dokter: tulis apa yang bikin kamu cemas atau sedih, dan ceritain dengan jelas. Kalau dokter nggak responsif, jangan ragu cari dokter lain atau tanya tentang konselor. Kamu juga bisa bawa temen atau keluarga untuk dukungan. Apa yang pengen kamu sampaikan ke dokter, dan apa yang bisa kamu lakukan untuk persiapan?;GROK;D1_GROK_HealthPsycology1-55_67.json;dokter butuh mental butuh psikologis dengar dengar tahu erti dokter peduli sehat mental fisik siapin catat dokter cemas sedih jelas dokter responsif jangan ragu dokter konselor bawa temen keluarga dukung dokter laku siap;7;0.2912470928906079;takut - dokter - mental - gila - obat - sehat - khawatir - jiwa - tahu - nyaman;7_dokter_takut dokter_gila_takut;dokter butuh mental butuh psikologis dengar dengar tahu erti dokter peduli sehat mental fisik siapin catat dokter cemas sedih jelas dokter responsif jangan ragu dokter konselor bawa temen keluarga dukung dokter laku siap
Aku dengar layanan kesehatan mental itu cuma buat orang yang ‘gila’. Aku takut dihakimi kalau ke sana.;Aku ngerti banget ketakutanmu soal stigma. Banyak orang mikir gitu karena pandangan lama tentang kesehatan mental, tapi sebenarnya layanan ini buat siapa aja yang lagi struggle, nggak cuma buat kasus berat. Yang penting, cari tempat yang bikin kamu nyaman dan nggak menghakimi. Kalau mau, aku bisa bantu cari tahu soal layanan yang ramah dan suportif. Kamu mau coba mulai dari mana?;GROK;D11_GROK_AHandbookfortheSMH479-489_20.json;dengar sehat mental gila takut hakim sana takut stigma mikir pandang lama sehat mental siapa struggle kasus berat penting tempat nyaman hakim tahu ramah suportif;7;0.2855196500555683;takut - dokter - mental - gila - obat - sehat - khawatir - jiwa - tahu - nyaman;7_dokter_takut dokter_gila_takut;dengar sehat mental gila takut hakim sana takut stigma mikir pandang lama sehat mental siapa struggle kasus berat penting tempat nyaman hakim tahu ramah suportif
Aku merasa nggak punya hak buat ngomong soal pengobatanku. Kayaknya dokter selalu yang menang. Apa aku cuma kebanyakan mikir?;Kamu nggak kebanyakan mikir, perasaan itu nyata. Dulu, banyak orang merasa suaranya nggak didengar dalam sistem kesehatan mental, makanya ada gerakan konsumen yang memperjuangkan hak buat dilibatkan dalam keputusan pengobatan. Sekarang, ada aturan di beberapa tempat yang mewajibkan dokter melibatkan pasien dalam perencanaan perawatan. Kalau kamu merasa nggak didengar, coba tanya dokter kenapa mereka pilih pengobatan tertentu, atau minta jelasin pilihannya. Kamu juga berhak minta pendapat lain. Apa yang biasanya bikin kamu merasa nggak bisa ngomong sama dokter?;GROK;D11_GROK_AHandbookfortheSMH490-500_20.json;ngomong obat dokter menang mikir mikir nyata dengar sehat mental makanya gera konsumen juang libat putus obat atur beberapa tempat wajib dokter libat pasien rencana awat dengar dokter pilih obat minta jelasin pilih minta ngomong dokter;7;0.2805258098607566;takut - dokter - mental - gila - obat - sehat - khawatir - jiwa - tahu - nyaman;7_dokter_takut dokter_gila_takut;ngomong obat dokter menang mikir mikir nyata dengar sehat mental makanya gera konsumen juang libat putus obat atur beberapa tempat wajib dokter libat pasien rencana awat dengar dokter pilih obat minta jelasin pilih minta ngomong dokter
Aku takut banget kalau aku ke dokter nanti malah dipaksa minum obat yang aku nggak mau. Gimana sih caranya biar aku tetap punya kendali atas pengobatanku?;Kekhawatiranmu itu wajar banget. Dalam dunia kesehatan mental, ada gerakan yang mendorong hak untuk menentukan sendiri pengobatanmu, seperti yang dulu diperjuangkan dalam undang-undang kesehatan mental. Kalau kamu nggak mau dipaksa, coba cari dokter atau terapis yang mendukung pendekatan berbasis pemulihan, yang menghormati pilihanmu. Kamu juga bisa bawa temen atau keluarga untuk dukungan saat ke dokter, biar mereka bantu menyuarakan keinginanmu. Kalau kamu merasa nggak didengar, jangan ragu cari pendapat kedua. Apa yang bikin kamu takut sama obat-obatan itu?;GROK;D11_GROK_AHandbookfortheSMH490-500_20.json;takut dokter malah paksa obat tetap kendali obat khawatir sehat mental gera dorong sendiri obat juang undang undang sehat mental paksa dokter terap dukung dekat pulih hormat pilih bawa temen keluarga dukung dokter dengar jangan ragu takut obat obat;7;0.2783825851156991;takut - dokter - mental - gila - obat - sehat - khawatir - jiwa - tahu - nyaman;7_dokter_takut dokter_gila_takut;takut dokter malah paksa obat tetap kendali obat khawatir sehat mental gera dorong sendiri obat juang undang undang sehat mental paksa dokter terap dukung dekat pulih hormat pilih bawa temen keluarga dukung dokter dengar jangan ragu takut obat obat
Emilia, kenapa sih rumah sakit jiwa sekarang sepi? Apa orang nggak gila lagi?;Hehe, bukan gitu. Sekarang, banyak orang dengan masalah mental dirawat di komunitas atau klinik swasta, bukan rumah sakit jiwa. Obat-obatan psikotropika juga bantu orang tetap stabil tanpa perlu dirawat inap. Ini bikin orang bisa hidup lebih normal, tapi juga berarti kita harus lebih aware sama kesehatan mental di sekitar kita.;GROK;D11_GROK_AHandbookfortheSMH39-49_20.json;sakit jiwa sepi gila hehe bukan mental rawat klinik swasta bukan sakit jiwa obat obat psikotropika tetap stabil perlu rawat inap hidup arti aware sehat mental;7;0.2767761920632721;takut - dokter - mental - gila - obat - sehat - khawatir - jiwa - tahu - nyaman;7_dokter_takut dokter_gila_takut;sakit jiwa sepi gila hehe bukan mental rawat klinik swasta bukan sakit jiwa obat obat psikotropika tetap stabil perlu rawat inap hidup arti aware sehat mental
Kadang aku takut ke dokter karena stigma soal kesehatan mental. Normal nggak sih ini?;Wajar banget, kok, takut sama stigma itu. Banyak orang ngerasain hal yang sama, apalagi di lingkungan yang masih tabu ngomongin kesehatan mental. Coba pelan-pelan, mungkin mulai dengan baca-baca dulu soal layanan yang rahasia dan nggak menghakimi. Kalau mau cerita lebih, aku siap dengerin.;GROK;D11_GROK_AHandbookfortheSMH468-478_20.json;takut dokter stigma sehat mental takut stigma tabu ngomongin sehat mental pelan pelan baca baca rahasia hakim siap dengerin;7;0.2733496859859617;takut - dokter - mental - gila - obat - sehat - khawatir - jiwa - tahu - nyaman;7_dokter_takut dokter_gila_takut;takut dokter stigma sehat mental takut stigma tabu ngomongin sehat mental pelan pelan baca baca rahasia hakim siap dengerin
Aku takut kalau ke dokter nanti malah dikurung. Itu beneran bisa terjadi nggak?;Aku paham ketakutan itu. Sekarang, ‘dikurung’ atau dirawat di rumah sakit jiwa tanpa persetujuan jarang banget terjadi, kecuali ada situasi darurat yang serius. Dokter biasanya lebih fokus ke terapi atau dukungan komunitas. Kalau kamu khawatir, coba tanya dokter soal rencana perawatan sebelum mulai. Mau aku bantu siapin pertanyaan?;GROK;D11_GROK_AHandbookfortheSMH435-445_20.json;takut dokter malah kurung beneran paham takut kurung rawat sakit jiwa tuju jarang situasi darurat serius dokter terapi dukung khawatir dokter rencana awat siapin;7;0.2682596504422915;takut - dokter - mental - gila - obat - sehat - khawatir - jiwa - tahu - nyaman;7_dokter_takut dokter_gila_takut;takut dokter malah kurung beneran paham takut kurung rawat sakit jiwa tuju jarang situasi darurat serius dokter terapi dukung khawatir dokter rencana awat siapin
Aku takut banget kalau harus masuk rumah sakit buat berhenti minum. Itu kayaknya menyeramkan. Ada cara lain nggak?;Aku ngerti ketakutanmu, masuk rumah sakit memang bisa terasa menakutkan. Tapi tenang, ada cara lain yang bisa dicoba dulu. Misalnya, kamu bisa coba kurangi minum perlahan dengan bantuan konselor atau kelompok dukungan. Kamu juga bisa atur lingkunganmu, seperti nggak nyetok alkohol di rumah atau hindari tempat yang bikin pengen minum. Kalau kamu merasa tubuhmu bereaksi aneh saat kurangi minum, sebaiknya konsultasi ke dokter, ya. Apa kamu punya seseorang yang bisa dukung kamu di rumah?;GROK;D12_GROK_ClinicalHandbookPsychologicalDisorders616-626_20.json;takut masuk sakit henti seram takut masuk sakit takut tenang kurang perlahan konselor kelompok dukung atur nyetok alkohol hindar tempat tubuh reaksi aneh kurang konsultasi dokter dukung;7;0.2670084191496886;takut - dokter - mental - gila - obat - sehat - khawatir - jiwa - tahu - nyaman;-1_kecil_diri_sendiri_hidup;takut masuk sakit henti seram takut masuk sakit takut tenang kurang perlahan konselor kelompok dukung atur nyetok alkohol hindar tempat tubuh reaksi aneh kurang konsultasi dokter dukung
Aku takut kalau ke dokter nanti malah dikasih obat yang bikin ketergantungan. Benar nggak sih itu?;Wajar banget takut soal obat, apalagi kalau denger cerita-cerita gitu. Nggak semua perawatan mental pakai obat, kok. Banyak dokter yang mulai dari terapi bicara, dan kalau memang perlu obat, mereka biasanya jelasin risikonya. Kalau kamu khawatir, nanti bisa tanya dokter soal efek sampingnya. Apa yang bikin kamu takut sama perawatan? Aku dengerin, lho.;GROK;D11_GROK_AHandbookfortheSMH457-467_20.json;takut dokter malah obat takut obat denger awat mental obat dokter terapi bicara perlu obat jelasin risiko khawatir dokter efek takut awat dengerin;7;0.2641679001216434;takut - dokter - mental - gila - obat - sehat - khawatir - jiwa - tahu - nyaman;7_dokter_takut dokter_gila_takut;takut dokter malah obat takut obat denger awat mental obat dokter terapi bicara perlu obat jelasin risiko khawatir dokter efek takut awat dengerin
Aku pengen ke dokter mata, tapi ngerasa nggak layak karena aku lagi depresi. Aku harus tetep pergi nggak?;Kamu layak dapat perawatan, kok, termasuk buat mata kamu. Depresi nggak bikin kamu kurang berhak. Coba buat janji dan ajak temen atau keluarga buat nemenin kalau kamu ngerasa cemas. Kalau masih ragu, ngobrol sama terapis bisa bantu kasih dorongan buat jaga kesehatanmu.;GROK;D12_GROK_ClinicalHandbookPsychologicalDisorders352-362_20.json;dokter mata ngerasa layak depresi pergi layak awat masuk mata depresi kurang janji temen keluarga nemenin ngerasa cemas ragu terap dorong jaga sehat;7;0.25041359115264;takut - dokter - mental - gila - obat - sehat - khawatir - jiwa - tahu - nyaman;7_dokter_takut dokter_gila_takut;dokter mata ngerasa layak depresi pergi layak awat masuk mata depresi kurang janji temen keluarga nemenin ngerasa cemas ragu terap dorong jaga sehat
Aku takut kalau aku ke dokter jiwa, aku bakal dikurung di rumah sakit. Bener nggak sih itu?;Aku paham ketakutanmu. Dulu, banyak orang dengan gangguan mental dirawat lama di rumah sakit, tapi sekarang kebanyakan perawatan dilakukan di komunitas, seperti konseling atau terapi. Rawat inap biasanya hanya untuk kasus yang sangat serius dan itupun sementara. Coba diskusi sama dokter atau psikolog soal kekhawatiranmu, mereka bisa jelasin prosesnya biar kamu lebih tenang.;GROK;D11_GROK_AHandbookfortheSMH501-511_20.json;takut dokter jiwa kurung sakit paham takut ganggu mental rawat lama sakit awat laku konseling terapi rawat inap kasus serius diskusi dokter psikolog khawatir jelasin proses tenang;7;0.2349152183883505;takut - dokter - mental - gila - obat - sehat - khawatir - jiwa - tahu - nyaman;7_dokter_takut dokter_gila_takut;takut dokter jiwa kurung sakit paham takut ganggu mental rawat lama sakit awat laku konseling terapi rawat inap kasus serius diskusi dokter psikolog khawatir jelasin proses tenang
Emilia, aku merasa stres banget setelah dengar berita tentang serangan teroris di TV. Kenapa aku jadi takut terus?;Wajar kok kamu merasa takut, berita seperti itu memang bisa bikin cemas. Serangan teroris sering bikin orang merasa nggak aman karena sifatnya yang tiba-tiba dan mengerikan. Coba ceritain lebih detail apa yang bikin kamu takut, mungkin aku bisa bantu kasih saran buat ngatasin rasa cemas itu.;GROK;D11_GROK_AHandbookfortheSMH424-434_20.json;stres dengar berita serang teroris takut terus takut berita cemas serang teroris sifat keri detail takut saran ngatasin cemas;7;0.1645749367893476;takut - dokter - mental - gila - obat - sehat - khawatir - jiwa - tahu - nyaman;-1_kecil_diri_sendiri_hidup;stres dengar berita serang teroris takut terus takut berita cemas serang teroris sifat keri detail takut saran ngatasin cemas
Aku takut kalau aku nggak sembuh dari pikiran aneh ini. Apa yang harus aku lakukan?;Takut nggak sembuh itu wajar, kok. Tapi, banyak orang bisa belajar mengelola pikiran-pikiran itu dengan teknik tertentu, seperti mencatat pikiran aneh itu dan mencari bukti yang mendukung atau menyangkalnya. Kita bisa coba mulai dari situ. Apa kamu mau ceritain satu pikiran yang bikin takut, biar kita urai bareng?;GROK;D12_GROK_ClinicalHandbookPsychologicalDisorders550-560_20.json;takut sembuh aneh laku takut sembuh kelola teknik catat aneh bukti dukung sangkal situ takut urai bareng;7;0.1623600876380764;takut - dokter - mental - gila - obat - sehat - khawatir - jiwa - tahu - nyaman;-1_kecil_diri_sendiri_hidup;takut sembuh aneh laku takut sembuh kelola teknik catat aneh bukti dukung sangkal situ takut urai bareng
Aku takut orang tahu aku punya masalah mental. Apa yang harus aku lakukan?;Aku paham ketakutan itu, karena stigma memang bikin orang takut terbuka. Tapi, bicara soal masalah mental itu langkah berani, dan bisa bantu kamu merasa nggak sendiri. Coba mulai dengan orang yang kamu percaya banget, atau cari komunitas yang mendukung. Apa yang bikin kamu takut kalau orang tahu, boleh ceritain ke aku?;GROK;D11_GROK_AHandbookfortheSMH149-159_20.json;takut tahu mental laku paham takut stigma takut bicara mental berani sendiri percaya dukung takut tahu;7;0.1591010286161787;takut - dokter - mental - gila - obat - sehat - khawatir - jiwa - tahu - nyaman;-1_kecil_diri_sendiri_hidup;takut tahu mental laku paham takut stigma takut bicara mental berani sendiri percaya dukung takut tahu
Aku dikasih obat sama psikiater, tapi temenku bilang itu cuma bikin ketergantungan. Aku bingung, ikutin apa nggak?;Aku paham bingungnya, apalagi kalau dapat saran beda-beda. Obat dari psikiater biasanya dirancang untuk membantu, tapi wajar kalau kamu khawatir. Yang terbaik adalah diskusi sama psikiatermu soal kekhawatiran ini, karena mereka tahu kondisimu. Temenmu mungkin cuma khawatir, tapi mereka gak punya info medis yang lengkap. Apa yang bikin kamu ragu sama obatnya? Ceritain, mungkin aku bisa bantu pikirin.;GROK;D11_GROK_AHandbookfortheSMH600-609_20.json;obat psikiater temenku ikutin paham saran obat psikiater rancang khawatir diskusi psikiater khawatir tahu kondisi temenmu khawatir info medis lengkap ragu obat pikirin;7;0.1567042958423025;takut - dokter - mental - gila - obat - sehat - khawatir - jiwa - tahu - nyaman;-1_kecil_diri_sendiri_hidup;obat psikiater temenku ikutin paham saran obat psikiater rancang khawatir diskusi psikiater khawatir tahu kondisi temenmu khawatir info medis lengkap ragu obat pikirin
